日期,订阅总数,月均总支出,年度预估,AI支出,视频支出,软件支出,系统支出,其他支出
2026-01-25,20,4575.283333333334,54903.40000000001,2131.1233333333334,844.0258333333334,278.8691666666667,449.0,204.5475
