日期,订阅总数,月均总支出,年度预估,AI支出,视频支出,软件支出,系统支出,其他支出
2026-01-11,20,4960.830000000001,59529.96000000001,2453.905,844.4133333333333,339.31583333333333,449.0,205.01333333333332
